local_part,
"100",
"101",
"102",
"123",
"1xx",
"200",
"201",
"2015",
"2016",
"2017",
"2018",
"2019",
"202",
"2020",
"2021",
"203",
"204",
"205",
"206",
"207",
"226",
"2xx",
"300",
"301",
"302",
"303",
"304",
"305",
"307",
"308",
"3xx",
"400",
"401",
"402",
"403",
"404",
"405",
"406",
"407",
"408",
"409",
"410",
"411",
"412",
"413",
"414",
"415",
"416",
"417",
"418",
"422",
"423",
"424",
"426",
"428",
"429",
"431",
"451",
"4xx",
"500",
"501",
"502",
"503",
"504",
"505",
"506",
"507",
"511",
"5xx",
"7xx",
"aaa",
"abap",
"abc",
"aberdeen",
"abgelehnt",
"abingdon",
"ablehnen",
"abmelden",
"abogado",
"abogados",
"abonneren",
"abonnieren",
"about",
"abrechnung",
"abuse",
"abuser",
"abuso",
"academic",
"academiccommonmarket",
"academicrecords",
"academy",
"access",
"accessibility",
"accommodation",
"account",
"accountant",
"accountants",
"accounting",
"accountmanager",
"accountmanagers",
"accounts",
"accountspayable",
"accueil",
"acevents",
"achat",
"acquisition",
"acquisto",
"action",
"actionscript",
"activate",
"activiteiten",
"activities",
"activity",
"actor",
"actuary",
"ada",
"add",
"added",
"address",
"addsupplier",
"adjuster",
"adm",
"admin",
"admin1",
"admin2",
"administracao",
"administracion",
"administracja",
"administrador",
"administrateur",
"administratie",
"administratif",
"administration",
"administrative",
"administrativo",
"administrator",
"administrators",
"administrering",
"adminoffice",
"admins",
"adminteam",
"admisiones",
"admiss",
"admissions",
"admissões",
"adops",
"adquisitivo",
"ads",
"adult",
"adults",
"adultsduty",
"advancement",
"adventure",
"adventures",
"advertenties",
"advertise",
"advertising",
"advertisingsales",
"adverts",
"advice",
"advisor",
"advisorfeedback",
"advisors",
"advocaat",
"advocate",
"advocaten",
"advogado",
"advogados",
"advokat",
"advokater",
"adwords",
"affar",
"affiliate",
"affiliates",
"afghanistan",
"afmelden",
"africa",
"afwijzen",
"agda",
"agence",
"agencia",
"agency",
"agent",
"agentmail",
"agents",
"agricultural",
"aircraft",
"airlinepilot",
"ajax",
"aktualności",
"alabama",
"alarm",
"alarms",
"alaska",
"albania",
"album",
"albums",
"alert",
"alerts",
"alexa",
"algemeen",
"algeria",
"all",
"alla",
"alle",
"allemployees",
"alles",
"allgemeines",
"allhands",
"alliance",
"allman",
"alloy",
"allsales",
"allstaff",
"allstudents",
"allt",
"allteachers",
"allteam",
"allusers",
"alpha",
"alphas",
"alumni",
"ambassadors",
"amministratore",
"amministrazione",
"ammissioni",
"ampl",
"analysis",
"analysts",
"analytics",
"andappfeedback",
"andorra",
"android",
"anesthesiologist",
"anfitrion",
"anfrage",
"anfragen",
"angels",
"angola",
"animation",
"animator",
"anlegerbeziehungen",
"annonser",
"announce",
"announcementlist",
"announcements",
"announcer",
"annunci",
"anon",
"anonymous",
"answers",
"antagningar",
"anthropologist",
"antigua",
"antispam",
"antlr",
"antwoorden",
"antworten",
"anuncios",
"anvandare",
"anwalt",
"anwalte",
"anzeigen",
"apacheconf",
"apex",
"api",
"apifeedback",
"apl",
"apoyo",
"app",
"apple",
"applescript",
"appliance",
"application",
"applications",
"applicators",
"apply",
"appointments",
"appraiser",
"apps",
"arab",
"arabian",
"arabic",
"arbeitsplatze",
"arbitration",
"arbitrator",
"arc",
"archeologist",
"architect",
"architects",
"architecture",
"archive",
"archived",
"archives",
"archivist",
"arduino",
"area",
"argentina",
"arin",
"arizona",
"arkansas",
"armagh",
"armenia",
"army",
"art",
"artist",
"arts",
"asciidoc",
"asd",
"asdasd",
"asdf",
"asiakas",
"asiakaspalvelu",
"asistente",
"ask",
"askcampusservices",
"asp",
"aspectj",
"assemblees",
"assembler",
"assembly",
"asset",
"assistance",
"assistant",
"assistanthead",
"assistencia",
"assistenza",
"assistravel",
"associates",
"association",
"assured",
"astronomer",
"astronomie",
"astronomy",
"ateam",
"atencion",
"atencionalcliente",
"atendimento",
"atervander",
"athlete",
"atlas",
"atlassian",
"atmospheric",
"atom",
"ats",
"atsupport",
"attachment",
"attachments",
"attendant",
"auction",
"auctions",
"audiologist",
"audit",
"auditor",
"auffuhren",
"auftrage",
"augeas",
"auhor",
"auhors",
"australia",
"austria",
"auth",
"authentication",
"authors",
"auto",
"autoconfig",
"autohotkey",
"autoit",
"automatic",
"available",
"avatar",
"avocat",
"avocats",
"avvocati",
"avvocato",
"awadhi",
"awk",
"aws",
"ayuda",
"azerbaijan",
"azerbaijani",
"azure",
"backend",
"backup",
"backups",
"bahamas",
"bahrain",
"bailiff",
"baker",
"bandas",
"banen",
"bangladesh",
"bangor",
"bank",
"banks",
"banner",
"banners",
"barbados",
"barber",
"barcelona",
"bartender",
"basketbal",
"basketball",
"batchfile",
"bath",
"beachtung",
"bedienung",
"befunge",
"begaran",
"behavioral",
"beheerder",
"belarus",
"belfast",
"belgium",
"belize",
"bellhop",
"bemerkungen",
"benchmarkfeedback",
"beneficiaire",
"benefits",
"bengali",
"benin",
"benutzer",
"benvenuto",
"beratungsstelle",
"berlin",
"beschaftigung",
"bestellingen",
"bestellung",
"beta",
"better",
"bettertax",
"bezpieczenstwo",
"bhojpuri",
"bhutan",
"biblioteca",
"bibliotheque",
"bicester",
"bienvenido",
"bienvenue",
"billing",
"bills",
"bin",
"biochemist",
"biologist",
"biophysicist",
"birmingham",
"bison",
"bitbake",
"biuro",
"biz",
"bizdev",
"blackfriday",
"blitzbasic",
"blitzmax",
"blob",
"blobs",
"blockmason",
"blog",
"blogs",
"bluespec",
"board",
"bod",
"boekhouding",
"boilermaker",
"boileroperator",
"bokforing",
"bolivia",
"bonjour",
"boo",
"book",
"bookclub",
"booking",
"bookings",
"bookkeeping",
"bookmark",
"bookmarked",
"bookmarks",
"books",
"bookstore",
"bosnia",
"boss",
"boston",
"bot",
"bots",
"botswana",
"bottom",
"boutique",
"boxoffice",
"bradford",
"brainfuck",
"brand",
"branding",
"brands",
"brandsolutions",
"braunschweig",
"brazil",
"brevlada",
"brickmason",
"briefcase",
"briefkasten",
"brievenbus",
"brighton",
"brightscript",
"bristol",
"british",
"bro",
"broadcast",
"broadcasthost",
"broker",
"browse",
"brunei",
"buchhaltung",
"bug",
"bugs",
"build",
"builder",
"builds",
"built",
"bulgaria",
"bureau",
"burkina",
"burma",
"burmese",
"buro",
"bursar",
"burundi",
"bury",
"busdev",
"busines",
"business",
"businessdevelopment",
"businesssolutions",
"butcher",
"butik",
"butler",
"buyer",
"buzon",
"software",
"cabinetmaker",
"cache",
"cadastro",
"calendar",
"california",
"call",
"callback",
"calls",
"caltrain",
"cambodia",
"cambridge",
"camera",
"cameroon",
"campaign",
"campaigns",
"campus",
"campusteam",
"canada",
"cancel",
"cancelliere",
"cancer",
"canterbury",
"capacitacion",
"capeverde",
"captain",
"captains",
"captcha",
"capttain",
"cardiff",
"care",
"career",
"careers",
"carlisle",
"carpenter",
"cart",
"cartocss",
"cartographer",
"casa",
"cashier",
"caster",
"categories",
"category",
"catering",
"ccg",
"cdn",
"center",
"centos",
"central",
"centro",
"ceo",
"ceos",
"cert",
"certification",
"certifications",
"ceylon",
"cfc",
"cfo",
"cgi",
"chad",
"chairman",
"chambers",
"chancellor",
"changelog",
"changer",
"channel",
"chapel",
"chartering",
"chat",
"chatter",
"chauffeur",
"check",
"checking",
"checkout",
"checkpoint",
"chef",
"chefer",
"chelmsford",
"chemical",
"chemist",
"chemistry",
"chester",
"chicago",
"chichester",
"chiede",
"chiefexecutive",
"child",
"childcare",
"chile",
"china",
"chinese",
"chiropractor",
"choice",
"choices",
"choreographer",
"chuck",
"church",
"ciao",
"cirru",
"city",
"cityadmin",
"citymanagers",
"civilengineer",
"classic",
"classof2016",
"classof2017",
"classof2018",
"classof2019",
"clean",
"cleaner",
"cleaning",
"clergy",
"clerk",
"clerks",
"client",
"cliente",
"clientes",
"clienti",
"clients",
"clientservices",
"clinic",
"clinical",
"clips",
"clojure",
"clothing",
"cloud",
"club",
"clubs",
"cmake",
"cmc",
"cmo",
"cname",
"coach",
"coache",
"coaches",
"coaching",
"coating",
"cobol",
"code",
"codereview",
"coffeescript",
"coin",
"colaboradores",
"coldfusion",
"colegio",
"collections",
"collector",
"college",
"colombia",
"colorado",
"com",
"comandante",
"comentarios",
"comenzi",
"comercial",
"comercial1",
"comercial2",
"comment",
"commentaires",
"commenti",
"comments",
"commercial",
"commerciale",
"commercialisation",
"commission",
"commissions",
"committee",
"comms",
"communication",
"communications",
"communities",
"community",
"communityrelations",
"comoros",
"company",
"compare",
"compensation",
"compete",
"competition",
"complaint",
"complaints",
"compliance",
"component",
"composer",
"comprando",
"compras",
"compta",
"comptabilite",
"comptes",
"computer",
"comunicacao",
"comunicacion",
"comunicaciones",
"comunicazione",
"comunicazioni",
"concierge",
"conductor",
"conference",
"conferences",
"config",
"configuration",
"configure",
"conformidad",
"conformidade",
"conformita",
"conformite",
"congo",
"connect",
"connected",
"connecticut",
"consent",
"consents",
"conservation",
"conservator",
"construction",
"consult",
"consulta",
"consultancy",
"consultant",
"consultas",
"consulting",
"consultoria",
"consumers",
"consumidor",
"contabil",
"contabilidad",
"contabilidade",
"contabilita",
"contact",
"contactenos",
"contacter",
"contacto",
"contacts",
"contactus",
"contador",
"containers",
"contas",
"contato",
"contatos",
"contatost",
"contattaci",
"contatti",
"contatto",
"contenedores",
"content",
"contest",
"conti",
"contractor",
"contractors",
"contracts",
"contribute",
"contributions",
"control",
"controller",
"convert",
"cook",
"cool",
"coordination",
"coordinations",
"coordinator",
"copied",
"copy",
"copymarker",
"copyright",
"coq",
"core",
"coreteam",
"corona",
"corp",
"corporate",
"corporatesales",
"correctional",
"correo",
"correspondent",
"costarica",
"cotizaciones",
"council",
"counseling",
"counselor",
"coupon",
"courier",
"courrier",
"court",
"coventry",
"covid",
"crash",
"crawler",
"create",
"creative",
"creole",
"crew",
"crm",
"croatia",
"croydon",
"crushing",
"crypt",
"crystal",
"csm",
"css",
"csteam",
"cto",
"cuba",
"cucumber",
"cuda",
"cuentas",
"cuisine",
"cultura",
"culture",
"curator",
"customer",
"customercare",
"customerfeedback",
"customerrelations",
"customers",
"customerservice",
"customerservicecenter",
"customerservices",
"customersuccess",
"customersupport",
"customervoice",
"custserv",
"cutter",
"cutting",
"cybersecurity",
"cycript",
"cyprus",
"cython",
"czech",
"daemon",
"daily",
"dancer",
"dank",
"dart",
"dashboard",
"data",
"databas",
"database",
"dataprivacy",
"dataprotection",
"datasecurity",
"datatype",
"datenaustausch",
"datenbank",
"datenschutz",
"deals",
"debian",
"decliend",
"declin",
"declinar",
"declinare",
"decline",
"declined",
"declínio",
"declino",
"decorations",
"decstation",
"default",
"dekliend",
"delaware",
"delete",
"deleted",
"delivery",
"demande",
"demo",
"demonio",
"demonstrator",
"demos",
"denied",
"denmark",
"dental",
"dentclinika",
"dentist",
"dentiste",
"denver",
"deny",
"departures",
"deploy",
"deployed",
"deploys",
"deputy",
"deputyhead",
"derby",
"derry",
"desamparado",
"design",
"designer",
"designers",
"desktop",
"destinatari",
"destinatarios",
"destroy",
"details",
"detective",
"deutsch",
"dev",
"devel",
"develop",
"developer",
"developers",
"development",
"developmentmanagement",
"devilsden",
"devinsupertramp",
"devis",
"devnull",
"devoluciones",
"devops",
"devriesb",
"devs",
"devsubscribe",
"devteam",
"devunsubscribe",
"die",
"diensten",
"dienstleistungen",
"dietitian",
"diff",
"digital",
"digitalhumanities",
"digitalmedia",
"digsitesvalue",
"diminue",
"dir",
"direccion",
"directeur",
"directie",
"direction",
"directo",
"director",
"directors",
"directory",
"directoryupdates",
"direktor",
"diretor",
"diretoria",
"direttivo",
"direttore",
"direzione",
"disclosure",
"disclosures",
"discuss",
"disenador",
"dishwasher",
"disminucion",
"disorder",
"dispatch",
"dispatcher",
"disposition",
"disruptor",
"dist",
"distributor",
"diversity",
"djavul",
"djibouti",
"dns",
"doc",
"docinfo",
"docker",
"dockerfile",
"docs",
"document",
"documentary",
"documentation",
"documents",
"dogescript",
"dokumentarfilm",
"dokumenty",
"dom",
"domain",
"domainabuse",
"domainadmin",
"domainmanagement",
"domains",
"domicile",
"dominica",
"dominicanrepublic",
"donate",
"donations",
"donors",
"download",
"downloaded",
"downloads",
"dpm",
"dpo",
"drafter",
"dreamteam",
"dresden",
"drucken",
"druckvorstufe",
"drugs",
"dtrace",
"dubai",
"dundee",
"durham",
"dutch",
"dvd",
"dylan",
"dyrektor",
"eagle",
"earn",
"easttimor",
"ecl",
"ecommerce",
"economato",
"economico",
"economics",
"economist",
"ecs",
"ecuador",
"edinburgh",
"edit",
"edited",
"editor",
"editorial",
"editors",
"edits",
"edn",
"educatie",
"education",
"educational",
"efterlevnad",
"egypt",
"eiffel",
"einkauf",
"electrical",
"electrician",
"electronico",
"elenco",
"eliminar",
"elixir",
"elm",
"email",
"emails",
"emailvacation",
"embalmer",
"emberscript",
"emergency",
"emirates",
"empleo",
"emploi",
"emplois",
"employee",
"employees",
"employment",
"emprego",
"empregos",
"empty",
"end",
"eng",
"engage",
"engagement",
"engenharia",
"engineer",
"engineering",
"engineers",
"english",
"engraver",
"enq",
"enqs",
"enquire",
"enquires",
"enquiries",
"enquiry",
"enquries",
"enrollment",
"enterprise",
"entertainer",
"entfernen",
"entries",
"entry",
"enviar",
"envio",
"environmental",
"epidemiologist",
"equatorial",
"equipe",
"equipment",
"equipo",
"erase",
"erased",
"ergonomie",
"eritrea",
"erlang",
"error",
"errors",
"escort",
"escritorio",
"eshop",
"estate",
"estonia",
"estudio",
"estúdio",
"etc",
"etcher",
"ethiopia",
"eula",
"euroinfo",
"europe",
"eval",
"event",
"events",
"everybody",
"everyone",
"evoting",
"example",
"examples",
"exec",
"execs",
"execteam",
"executive",
"executives",
"exeter",
"exit",
"expectrespect",
"expenses",
"expert",
"experts",
"expire",
"expired",
"explore",
"export",
"exported",
"exports",
"express",
"extraescolar",
"extruding",
"fabricator",
"facebook",
"facilities",
"factor",
"facturacion",
"facturation",
"facturering",
"faculty",
"fakturering",
"faller",
"family",
"fancy",
"fantom",
"faq",
"farmacia",
"farmer",
"farming",
"farmworker",
"farsi",
"fatturazione",
"faturamento",
"favorite",
"favorites",
"fax",
"fbi",
"fbl",
"feature",
"features",
"feed",
"feedback",
"feeds",
"fees",
"fellows",
"festival",
"fetch",
"fiji",
"file",
"files",
"financa",
"finance",
"financeiro",
"financeiro2",
"financesecretary",
"financiën",
"finanse",
"finansiera",
"finanza",
"finanzas",
"finanzen",
"find",
"finisher",
"finland",
"firefighter",
"firewall",
"firmapost",
"first",
"fiscal",
"fish",
"fisher",
"fitness",
"fitter",
"flag",
"flagged",
"flags",
"fleet",
"fleets",
"flintgradoffice",
"flog",
"florida",
"flux",
"follow",
"followers",
"following",
"food",
"football",
"forbidden",
"forester",
"forfragningar",
"forgot",
"forgotpassword",
"form",
"formacao",
"formatted",
"formazione",
"fornekad",
"forsaljning",
"forth",
"fortran",
"fortryck",
"forum",
"forums",
"forumstaff",
"foundation",
"founders",
"france",
"franchise",
"frankfurt",
"free",
"freebsd",
"frege",
"freight",
"french",
"friend",
"friends",
"frontdesk",
"frontend",
"frontoffice",
"fte",
"ftp",
"ftps",
"fuck",
"fuckyou",
"fulltime",
"fun",
"funcionarios",
"fundraising",
"furniture",
"gabinet",
"gabon",
"gadget",
"gadgets",
"gambia",
"game",
"games",
"gaming",
"gams",
"gan",
"gap",
"gardner",
"gas",
"gdpr",
"gdscript",
"gebruikers",
"geeks",
"gemeinde",
"general",
"generale",
"generalenquiries",
"generation",
"genoffice",
"genshi",
"geographer",
"geography",
"geology",
"georgia",
"geoscientist",
"geotravell",
"geral",
"gerencia",
"gerente",
"gerentes",
"german",
"germany",
"geschaft",
"gestionnaires",
"gesundheitsamt",
"get",
"geweigerd",
"ghana",
"gif",
"gifs",
"gift",
"giftplanning",
"gifts",
"gist",
"git",
"github",
"give",
"giving",
"glasgow",
"glazier",
"global",
"globalinstitute",
"gloucester",
"glsl",
"glyph",
"gnome",
"gnuplot",
"godz",
"golang",
"golo",
"google",
"gospodarz",
"gosu",
"gov",
"governor",
"govpress",
"gpg",
"grace",
"grader",
"gradle",
"gradschool",
"graduateadmissions",
"grants",
"graph",
"graphics",
"greece",
"greffier",
"grenada",
"grinder",
"grinding",
"groff",
"groovy",
"group",
"groups",
"growth",
"guatemala",
"guest",
"guests",
"guide",
"guidelines",
"guinea",
"gujarati",
"guyana",
"gynecologist",
"hack",
"hackathon",
"hackers",
"hairdresser",
"haiti",
"hakka",
"halla",
"hallinto",
"hallo",
"hamburg",
"hameconnage",
"haml",
"handbal",
"handball",
"handlebars",
"happy",
"harbour",
"harbs",
"hash",
"haskell",
"hausa",
"hawaii",
"haxe",
"head",
"headcook",
"headmaster",
"headoffice",
"heads",
"headteacher",
"health",
"healthbotsupport",
"healthservice",
"hei",
"hello",
"help",
"helpdesk",
"helpdesks",
"helpline",
"hem",
"henkilokunta",
"hereford",
"herzegovina",
"heure",
"hey",
"hhr",
"hhrwebmaster",
"hidden",
"hide",
"highschool",
"hindi",
"hire",
"hiredesk",
"hiring",
"historian",
"history",
"hogar",
"hola",
"holiday",
"holidays",
"home",
"homepage",
"homes",
"honduras",
"hongkong",
"hooks",
"hora",
"hospitality",
"host",
"hostess",
"hosting",
"hostmaster",
"hostname",
"hotel",
"hotels",
"hotelservice",
"house",
"howdy",
"howto",
"hpg",
"hrdept",
"hrscommunications",
"hsstaff",
"hsteachers",
"html",
"html+django",
"http",
"http2",
"httpd",
"https",
"huis",
"hull",
"humanities",
"humanresource",
"humanresources",
"hungary",
"hunter",
"hydrologist",
"hylatty",
"iceland",
"iceserviceowners",
"idaho",
"idea",
"ideas",
"idl",
"idris",
"ids",
"iedereen",
"ifttt",
"ihaile",
"iledefrance",
"illinois",
"image",
"images",
"imap",
"img",
"imgs",
"immigration",
"implementation",
"import",
"imported",
"imports",
"impressum",
"imulus",
"inbound",
"inbox",
"indagini",
"index",
"india",
"indiana",
"indice",
"indonesia",
"info",
"infodesk",
"infor",
"informacao",
"informacion",
"informacja",
"informatica",
"informatie",
"information",
"informatique",
"informativo",
"informazione",
"informazioni",
"informes",
"infos",
"infra",
"infrastructure",
"ingenieria",
"inhouse",
"ini",
"inkoop",
"innkeeper",
"innovation",
"inoc",
"inok",
"inqueritos",
"inquires",
"inquiries",
"inquiry",
"inscrire",
"insidesales",
"insights",
"inspector",
"instagram",
"installer",
"institute",
"instructor",
"instrument",
"insurance",
"insurances",
"insure",
"integration",
"integrations",
"integritet",
"intern",
"internal",
"international",
"internationaldays",
"internet",
"internist",
"interns",
"internship",
"interpreter",
"interviewer",
"intimidad",
"intimite",
"intl",
"intranet",
"intro",
"inventory",
"inverness",
"invest",
"investeringar",
"investigativ",
"investigator",
"investment",
"investor",
"investorrelations",
"investorrelazioni",
"investors",
"inviare",
"invitations",
"invite",
"invites",
"invoice",
"invoices",
"invoicing",
"ioke",
"ios",
"iosappfeedback",
"iowa",
"ipad",
"iphone",
"ipod",
"iran",
"iraq",
"irc",
"ireland",
"isabelle",
"isanta",
"isatap",
"iscrizione",
"islands",
"ispfeedback",
"ispsupport",
"israel",
"issue",
"issues",
"italia",
"italian",
"italy",
"item",
"items",
"ithelp",
"itsecurity",
"itsupport",
"itunes",
"ivorycoast",
"jade",
"jailer",
"jamaica",
"janitor",
"japan",
"japanese",
"jarjestelmanvalvoja",
"java",
"javanese",
"javascript",
"jedermann",
"jeweler",
"jinyu",
"jira",
"job",
"jobb",
"jobs",
"johtaja",
"johtajat",
"join",
"joinus",
"jordan",
"jornalismo",
"jornalista",
"json",
"json5",
"jsoniq",
"jsonld",
"judge",
"junk",
"juuri",
"kaikki",
"kannada",
"kansas",
"kantoor",
"kayttajille",
"kazakhstan",
"kentucky",
"kenya",
"key",
"keys",
"keyserver",
"kielletty",
"kieltaytya",
"kieltaytyi",
"kiitos",
"kingston",
"kiribati",
"kirjaaja",
"kirjanpito",
"kit",
"kitchen",
"klant",
"klantenservice",
"klient",
"knowledgebase",
"komentarze",
"kommentarer",
"kommentteja",
"kommunen",
"konsument",
"kontakt",
"kontakta",
"kontakte",
"kontaktiere",
"konten",
"konton",
"kontor",
"korean",
"korzen",
"kosovo",
"koti",
"kotlin",
"krl",
"kund",
"kunde",
"kundendienst",
"kundeservice",
"kundservice",
"kundtjanst",
"kundvard",
"kuwait",
"kyrgyzstan",
"kyselyt",
"lab",
"laboratorio",
"laboratory",
"laboratoryanimal",
"laborer",
"labs",
"labview",
"ladies",
"lahettaa",
"laillista",
"lakimiehet",
"lakimies",
"lancaster",
"language",
"languages",
"laos",
"lasku",
"laskutus",
"lasso",
"last",
"latam",
"latte",
"latvia",
"launch",
"lavori",
"law",
"lawcommunications",
"lawyer",
"lawyers",
"lead",
"leaders",
"leadership",
"leadershipteam",
"leads",
"lean",
"learn",
"learning",
"leasing",
"lebanon",
"ledenadministratie",
"leeds",
"left",
"legaal",
"legacy",
"legal",
"legale",
"legalt",
"lehdisto",
"leicester",
"leisure",
"lesotho",
"less",
"letters",
"lettings",
"lettre",
"lettres",
"lfe",
"lib",
"liberia",
"librairie",
"library",
"libya",
"license",
"licensing",
"lichfield",
"liechtenstein",
"lifeguard",
"lifesum",
"ligue",
"lijst",
"like",
"liked",
"likes",
"lilypond",
"lincoln",
"link",
"linked",
"links",
"linux",
"liquid",
"lisburn",
"list",
"lista",
"liste",
"listenanfrage",
"listing",
"listings",
"listmanager",
"listproc",
"lists",
"listserv",
"lithuania",
"liverpool",
"livescript",
"livre",
"llvm",
"local",
"localdomain",
"localhost",
"lock",
"locked",
"locksmith",
"log",
"logged",
"login",
"logistic",
"logistica",
"logistics",
"logistiek",
"logos",
"logout",
"logs",
"logtalk",
"lolcode",
"london",
"lookml",
"loomscript",
"lot",
"louisiana",
"low",
"lows",
"lsl",
"lua",
"lunch",
"luxembourg",
"mac",
"macedonia",
"machine",
"machinist",
"macos",
"macosx",
"madagascar",
"madrid",
"magazine",
"magdeburg",
"maid",
"mail",
"mail1",
"mail2",
"mail3",
"mail4",
"mail5",
"mailbox",
"maildaemon",
"mailer",
"mailerdaemon",
"mailing",
"mailroom",
"mailsuperintendent",
"main",
"maine",
"mainoffice",
"mainoksia",
"maintenance",
"maithili",
"majordomo",
"makefile",
"mako",
"malawi",
"malayalam",
"malaysia",
"maldives",
"mali",
"malta",
"manage",
"management",
"manager",
"managers",
"manchester",
"mandarin",
"manicurist",
"manual",
"map",
"maps",
"marathi",
"marine",
"markdown",
"market",
"marketing",
"marketingteam",
"marketplace",
"markets",
"markkinointi",
"marknadsforing",
"marshall",
"maryland",
"mask",
"massachusetts",
"master",
"materials",
"mathematica",
"mathematician",
"matlab",
"mauritania",
"mauritius",
"max",
"mayor",
"mechanic",
"medaattachments",
"media",
"mediarelationen",
"mediarelations",
"medias",
"mediasuhteet",
"mediawiki",
"medical",
"medien",
"meetup",
"member",
"members",
"memberservices",
"membership",
"memberships",
"memory",
"menedzer",
"menedzerowie",
"mentors",
"merchant",
"merci",
"mercury",
"message",
"messages",
"messenger",
"metal",
"metrics",
"mexico",
"mgmt",
"mich",
"michigan",
"microbiologist",
"microblog",
"microblogs",
"micronesia",
"middleschool",
"midlands",
"mig",
"migrate",
"migrator",
"military",
"millwright",
"mim",
"mina",
"mine",
"minid",
"minnesota",
"mirah",
"mis",
"misbruik",
"misc",
"missbrauch",
"missbruk",
"mississippi",
"missouri",
"mitarbeiter",
"mkt",
"mktg",
"mnie",
"mob",
"mobile",
"modelica",
"models",
"modules",
"moi",
"molder",
"moldova",
"monaco",
"mongolia",
"monitor",
"monitoring",
"monkey",
"montana",
"montenegro",
"monthly",
"montreal",
"moocode",
"moonscript",
"moreinfo",
"morocco",
"motorboat",
"motorcycle",
"movie",
"movies",
"mozambique",
"mp3",
"msg",
"msn",
"msstaff",
"msteachers",
"mtml",
"muenchen",
"muf",
"multimedia",
"mupad",
"museum",
"music",
"musica",
"musicas",
"musician",
"musik",
"musique",
"myanmar",
"myghty",
"myplex",
"mysql",
"myymala",
"myynti",
"nabywczy",
"nachrichten",
"naciśnij",
"naduzycierachunki",
"nakoming",
"name",
"namecheap",
"named",
"names",
"namespace",
"namespaces",
"namibia",
"nan",
"natfiske",
"nationalforum",
"nationalsecurity",
"nauru",
"navi",
"navigation",
"nebraska",
"nedgang",
"negado",
"negar",
"negato",
"negozio",
"nemerle",
"nepal",
"nesc",
"net",
"netherlands",
"netlogo",
"network",
"netz",
"nevada",
"new",
"newbiz",
"newbusiness",
"newcastle",
"newhampshire",
"newjersey",
"newlisp",
"newmexico",
"newport",
"newry",
"news",
"newsdesk",
"newsletter",
"newsletters",
"newyork",
"next",
"nextactionvideo",
"nginx",
"nhr",
"nicaragua",
"nickname",
"nieuws",
"niger",
"nigeria",
"nimrod",
"ninja",
"nit",
"nix",
"nntp",
"nobody",
"noc",
"noemail",
"noemailadress",
"nomail",
"nombre",
"nominations",
"none",
"nonprofit",
"nord",
"noreplies",
"noreply",
"noresponse",
"normandie",
"northamerica",
"northdakota",
"norway",
"norwich",
"nospam",
"notes",
"nothanks",
"notícia",
"noticias",
"notification",
"notifications",
"notify",
"notizia",
"nottingham",
"noudattaminen",
"nouvelles",
"nps",
"ns1",
"ns10",
"ns2",
"ns3",
"ns4",
"ns5",
"ns6",
"ns7",
"ns8",
"ns9",
"nsis",
"nul",
"null",
"nullo",
"nulo",
"numpy",
"nurse",
"nursing",
"nutritionist",
"nyc",
"nyheter",
"nyoffice",
"oauth",
"objdump",
"objective",
"obstetrician",
"ocaml",
"occasion",
"occupation",
"occupazione",
"odmowil",
"odmowiono",
"odpowiedzi",
"odrzucac",
"offboarding",
"offer",
"offers",
"office",
"officeadmin",
"officemanager",
"officers",
"officestaff",
"official",
"officiel",
"offiziell",
"offtopic",
"oficial",
"oficina",
"ohio",
"oil",
"oklahoma",
"ola",
"old",
"oman",
"omgrofl",
"onboarding",
"onderhoud",
"ondersteuning",
"online",
"onlineadmissions",
"onlineservice",
"onsite",
"ontkend",
"ontvangst",
"ontwerper",
"ooc",
"ooo",
"opa",
"opal",
"open",
"opencl",
"opened",
"openedge",
"openhouse",
"openid",
"openscad",
"openstack",
"operaciones",
"operacje",
"operacoes",
"operacões",
"operational",
"operationalsupport",
"operationen",
"operationer",
"operations",
"operator",
"operazioni",
"opmerkingen",
"opnames",
"ops",
"optician",
"optometrist",
"ordens",
"order",
"orderfiller",
"orders",
"ordini",
"ordres",
"oregon",
"org",
"organization",
"organizations",
"orgs",
"orientation",
"orientations",
"oriya",
"orthodontist",
"orthotist",
"ostaminen",
"osx",
"ouest",
"outage",
"outreach",
"overview",
"owner",
"owners",
"oxford",
"oxygene",
"paasy",
"package",
"packager",
"packer",
"page",
"pager",
"pages",
"painter",
"painting",
"pakistan",
"palaa",
"palau",
"palautetta",
"palvelu",
"palvelut",
"pan",
"panama",
"panel",
"panjabi",
"paper",
"paperhanger",
"papyrus",
"paraguay",
"paralegal",
"paramedic",
"parents",
"paris",
"parishpriest",
"parrot",
"partner",
"partners",
"partnerships",
"parts",
"party",
"pascal",
"passport",
"passwd",
"password",
"passwords",
"pastor",
"patch",
"patternmaker",
"paving",
"pawn",
"pay",
"payment",
"payments",
"paypal",
"payroll",
"pdf",
"pdfs",
"pdg",
"pdmuniversity",
"pediatrician",
"pedicurist",
"pedido",
"pedidos",
"peerassistant",
"peerassistants",
"peering",
"pennsylvania",
"people",
"peoplemanagers",
"peopleops",
"peoples",
"per",
"performance",
"performer",
"perl",
"perl6",
"permissions",
"personal",
"personale",
"personeel",
"personel",
"personnel",
"perth",
"peru",
"pesticide",
"peterborough",
"petroleum",
"pgp",
"pharmacie",
"pharmacist",
"pharmacy",
"philippines",
"phish",
"phishing",
"photo",
"photoalbum",
"photogrammetrist",
"photographer",
"photographic",
"photographics",
"photoquestions",
"photos",
"php",
"physical",
"physician",
"physicist",
"physics",
"pic",
"pics",
"piglatin",
"pike",
"ping",
"pipelayer",
"plan",
"planning",
"plans",
"plasterer",
"platform",
"play",
"plex",
"plpgsql",
"plsql",
"plugin",
"plugins",
"plumber",
"plymouth",
"poczta",
"pod",
"podcast",
"podiatrist",
"pogoscript",
"poista",
"poland",
"police",
"policia",
"policies",
"policy",
"polish",
"politic",
"political",
"politicalscientist",
"politics",
"politikk",
"pop",
"pop3",
"popular",
"portal",
"portfolio",
"portsmouth",
"portugal",
"portuguese",
"poslovi",
"post",
"posta",
"postar",
"postbox",
"postbus",
"poste",
"postfach",
"postfix",
"posti",
"postilaatikko",
"postimestari",
"postmastare",
"postmaster",
"postmeester",
"postmeister",
"postroom",
"posts",
"postscript",
"postsecondary",
"pourer",
"power",
"powershell",
"ppc",
"ppost",
"prasident",
"prawnicy",
"prawnik",
"prawny",
"precision",
"prefeitura",
"preimpresion",
"premiermatch",
"premium",
"prenotazioni",
"prensa",
"prenumerera",
"preparer",
"prepress",
"prepresse",
"presales",
"preschool",
"present",
"presidencia",
"president",
"presidente",
"presidentsearch",
"presidentti",
"press",
"presse",
"presser",
"pressione",
"prestampa",
"prestations",
"preston",
"prevent",
"prezydent",
"price",
"pricing",
"prime",
"principa",
"principal",
"principals",
"print",
"privacidade",
"privacy",
"privacyofficer",
"privacypolicy",
"private",
"privatedetective",
"privatsphare",
"probation",
"proc",
"processing",
"processor",
"procurement",
"prod",
"produccion",
"producer",
"product",
"production",
"productmanagers",
"products",
"productsecurity",
"productteam",
"produktshop",
"produto",
"profession",
"profile",
"profiles",
"profit",
"profitech",
"progettista",
"program",
"programming",
"programs",
"project",
"projectmanagers",
"projects",
"projektant",
"prolog",
"promo",
"promotions",
"proofreader",
"properties",
"property",
"prospector",
"prosthetist",
"prosthodontist",
"protocollo",
"proveedores",
"proxy",
"proyectos",
"pruner",
"prywatnośc",
"przyjęcia",
"przyjęcie",
"psychiatric",
"psychiatrist",
"psychologist",
"psychology",
"ptmanager",
"pub",
"public",
"publiccomment",
"publicidad",
"publicidade",
"publicidades",
"publicites",
"publicrelations",
"publier",
"publish",
"publisher",
"publishers",
"publishing",
"pumper",
"pumpoperator",
"puppet",
"purchase",
"purchases",
"purchasing",
"purebasic",
"purescript",
"push",
"put",
"puzzles",
"python",
"pyynto",
"qatar",
"qmake",
"qml",
"qualidade",
"quality",
"query",
"question",
"questions",
"queue",
"quota",
"quotes",
"qwer",
"qwert",
"qwerty",
"racine",
"racism",
"racket",
"radiation",
"radice",
"radio",
"radiologic",
"ragnatela",
"rahoittaa",
"railroad",
"raiz",
"raíz",
"raml",
"random",
"ranking",
"rates",
"rating",
"rattslig",
"rdoc",
"read",
"readme",
"realbasic",
"realestate",
"realestatebroker",
"realisateur",
"rebol",
"rebot",
"receipts",
"recent",
"recepcao",
"recepcion",
"reception",
"receptionist",
"rechazado",
"reclamation",
"reclami",
"record",
"records",
"recover",
"recovery",
"recreation",
"recreational",
"recruit",
"recruiter",
"recruiters",
"recruiting",
"recruitment",
"recrutement",
"recursoshumanos",
"recusar",
"recusou",
"red",
"redacao",
"redaccion",
"redaction",
"redazione",
"redcode",
"rede",
"redisclosure",
"reference",
"referral",
"referrals",
"refractory",
"refund",
"refunds",
"refuse",
"refused",
"refuser",
"reg",
"regexp",
"regiondirector",
"regisseur",
"register",
"registered",
"registrador",
"registrar",
"registrarinfo",
"registrarse",
"registration",
"registrator",
"registrieren",
"rehabilitation",
"rejestrator",
"rekeningen",
"reklama",
"reklamy",
"relacionamento",
"relaties",
"relationer",
"relations",
"release",
"releases",
"religious",
"remember",
"remote",
"remove",
"removed",
"remover",
"rental",
"rentals",
"repairer",
"repairs",
"reparatii",
"replication",
"replies",
"reply",
"reponses",
"report",
"reportdamage",
"reported",
"reporter",
"reporting",
"reports",
"repositories",
"repository",
"republic",
"req",
"request",
"requests",
"res",
"research",
"researcher",
"reseller",
"reserva",
"reservaciones",
"reservas",
"reservation",
"reservationer",
"reservations",
"reserve",
"reserveringen",
"reservierungen",
"reset",
"resetpassword",
"residential",
"residents",
"resolution",
"resolutions",
"resource",
"resources",
"respons",
"response",
"responses",
"respostas",
"respuesta",
"respuestas",
"restall",
"restaurant",
"restore",
"restored",
"restructuredtext",
"result",
"results",
"resume",
"resumes",
"retail",
"retirementteam",
"retirer",
"retorna",
"retour",
"retroalimentacion",
"return",
"returns",
"revenue",
"revert",
"review",
"reviewed",
"reviews",
"rezeption",
"rezervari",
"rezervasyon",
"rezerwacje",
"rfp",
"rhodeisland",
"rhost",
"rhtml",
"ricezione",
"richiesta",
"rifiutato",
"rifiuto",
"rigger",
"right",
"rimuovere",
"ripon",
"risposta",
"risposte",
"ritorna",
"rmarkdown",
"rnd",
"robot",
"robotframework",
"robots",
"rockstars",
"romania",
"romanian",
"roofer",
"root",
"roskaposti",
"roskapostia",
"rot",
"rouge",
"roustabout",
"rrhh",
"rss",
"rsvp",
"ruby",
"rule",
"rules",
"runner",
"russia",
"russian",
"rust",
"rwanda",
"sac",
"safety",
"saford",
"sage",
"sahkoposti",
"sailor",
"sakerhet",
"sale",
"sales",
"sales1",
"sales2",
"salesengineers",
"salesforce",
"salesinfo",
"salesops",
"salesteam",
"salesuk",
"salisbury",
"saltstack",
"salvador",
"samoa",
"sample",
"samples",
"sanfrancisco",
"sas",
"sass",
"satellite",
"saudiarabia",
"save",
"saved",
"sayhello",
"scala",
"scaler",
"scaml",
"scan",
"scanning",
"scheme",
"scholar",
"scholarcommons",
"scholars",
"scholarships",
"school",
"schooladmin",
"schoolinfo",
"schoolmail",
"schooloffice",
"science",
"scientist",
"scilab",
"scout",
"script",
"scripts",
"scss",
"sdr",
"search",
"searched",
"seattle",
"secgeneral",
"secret",
"secretaire",
"secretaria",
"secretariaat",
"secretariat",
"secretario",
"secretaris",
"secretary",
"secretarytreasurer",
"secrets",
"secure",
"securite",
"security",
"securityguard",
"securityteam",
"segmentalpaver",
"segnalazioni",
"segretario",
"segreteria",
"seguranca",
"seguridad",
"sekretar",
"sekretariat",
"sekretarz",
"sekreterare",
"self",
"sellers",
"sem",
"semiconductor",
"send",
"senegal",
"seniors",
"sent",
"seo",
"serbia",
"serve",
"server",
"servers",
"service",
"serviceclient",
"servicedesk",
"services",
"servicio",
"servicioalcliente",
"servicios",
"serviciotecnico",
"servico",
"servicos",
"servizi",
"servizio",
"servizioclienti",
"session",
"sessions",
"setter",
"setting",
"settings",
"setup",
"sewer",
"sex",
"seychelles",
"sfo",
"sfoffice",
"sfteam",
"sftp",
"shampooer",
"share",
"shared",
"shareholders",
"shares",
"sharing",
"sheffield",
"shell",
"shellsession",
"shen",
"shipping",
"shop",
"shopify",
"shopmail",
"shopping",
"shorestation",
"show",
"sicherheit",
"sicurezza",
"siec",
"sierraleone",
"signals",
"signin",
"signout",
"signup",
"signups",
"signups2011",
"signups2012",
"signups2013",
"signups2014",
"signups2015",
"signups2016",
"signups2017",
"signups2018",
"signups2019",
"signups2020",
"signups2021",
"sihteeri",
"sijoitussuhteet",
"sindhi",
"singapore",
"singer",
"sistemas",
"site",
"siteadmin",
"sitemap",
"sites",
"skincare",
"sklep",
"skrappost",
"slash",
"slaughterer",
"slim",
"slot",
"slovakia",
"slovenia",
"smalltalk",
"smarty",
"smb",
"smile",
"smtp",
"soccer",
"social",
"socialclub",
"socialmedia",
"socialscience",
"socialsciences",
"socialscientist",
"socialworker",
"sociologist",
"sociology",
"sociologyteacher",
"socios",
"socorro",
"softwaredeveloper",
"solicitacao",
"solicitors",
"solicitud",
"sollicitatie",
"solution",
"solutions",
"somalia",
"sony",
"soporte",
"sorter",
"sos",
"sottoscrivi",
"source",
"sourcepawn",
"sources",
"souscrire",
"southafrica",
"southampton",
"southcarolina",
"southdakota",
"southsudan",
"soutien",
"spain",
"spam",
"spanish",
"sparql",
"spec",
"special",
"specialist",
"specs",
"spelnienie",
"sponsor",
"sponsors",
"sponsorship",
"sport",
"sportclub",
"sports",
"sprzedaz",
"sqf",
"sql",
"sqlpl",
"squad",
"squirrel",
"src",
"srilanka",
"ssh",
"ssl",
"ssladmin",
"ssladministrator",
"sslwebmaster",
"stacks",
"staff",
"stage",
"staging",
"stalbans",
"stampa",
"standard",
"standards",
"star",
"starred",
"stars",
"start",
"startup",
"startups",
"stasaph",
"stat",
"stata",
"state",
"static",
"stationary",
"statistician",
"statistics",
"stats",
"status",
"statuses",
"stay",
"stdavids",
"steel",
"stirling",
"stlucia",
"stockclerk",
"stockholm",
"stod",
"ston",
"stonemason",
"storage",
"store",
"stores",
"stories",
"story",
"strategic",
"strategicplan",
"strategy",
"streetcar",
"stripe",
"structural",
"student",
"studentaccounts",
"studentcentre",
"studenthealth",
"students",
"studentservices",
"studentsuccessmanager",
"studio",
"study",
"studyat",
"stuttgart",
"style",
"styleguide",
"styles",
"stylesheet",
"stylesheets",
"stylus",
"subdomain",
"submissions",
"submit",
"submitpaper",
"subscribe",
"subscribed",
"subscribers",
"subscriptions",
"subskrybuj",
"substance",
"subway",
"success",
"sudan",
"sudouest",
"suggest",
"suggestions",
"sumit",
"summits",
"sunda",
"sunderland",
"supercollider",
"superintendent",
"supervisor",
"supervisors",
"suplantacion",
"suporte",
"supplier",
"supply",
"support",
"supportdetails",
"supporteurope",
"supporto",
"supportteam",
"suprimentos",
"surgeon",
"surgical",
"suriname",
"survey",
"surveying",
"surveyor",
"surveys",
"suscribir",
"suunnittelija",
"svar",
"svg",
"svn",
"swansea",
"swaziland",
"sweden",
"swift",
"swindon",
"switchboard",
"switzerland",
"sydney",
"syria",
"sys",
"sysadmin",
"sysadministrator",
"sysselsattning",
"system",
"systemcenterfeedback",
"systems",
"systemverilog",
"tablet",
"tablets",
"tabs",
"tag",
"tags",
"tailor",
"taiwan",
"tajikistan",
"talent",
"talents",
"talk",
"tamil",
"tankcar",
"tanzania",
"taper",
"task",
"tasks",
"tax",
"taxexaminer",
"taxidriver",
"taxpreparer",
"tcl",
"tcsh",
"tea",
"teacher",
"teacherassistant",
"teachers",
"team",
"teamleaders",
"teamleads",
"teams",
"teatro",
"tech",
"techmanager",
"technical",
"technician",
"technik",
"technique",
"technojr",
"technologie",
"technologies",
"technologist",
"technology",
"technolust",
"technomancy",
"techops",
"techpoweron",
"techsupport",
"techteam",
"tecnico",
"tecnologia",
"tekniikka",
"teknik",
"telecommunications",
"telemarketer",
"telephone",
"television",
"teller",
"tellmemore",
"telmemore",
"telnet",
"telugu",
"tender",
"tennessee",
"tennis",
"term",
"terms",
"termsofservice",
"terrazzo",
"terugkoppeling",
"tervetuloa",
"tesoreria",
"test",
"test1",
"test2",
"test3",
"teste",
"testgroup",
"testing",
"tests",
"tex",
"text",
"textile",
"thai",
"thailand",
"theater",
"theatre",
"theme",
"themes",
"theoffice",
"therapist",
"theteam",
"thread",
"threads",
"thrift",
"tickets",
"tiedot",
"tienda",
"tietojenkalastelu",
"tietokanta",
"tilaa",
"tilauksia",
"tilit",
"tim",
"time",
"timeline",
"timesheets",
"titleexaminer",
"tjanster",
"tls",
"tmp",
"tobago",
"todas",
"todo",
"todos",
"together",
"togo",
"toimintaan",
"toimisto",
"toimitusjohtaja",
"token",
"tokens",
"tokenserver",
"toml",
"tonga",
"tool",
"tools",
"top",
"topic",
"topics",
"tos",
"tour",
"tourguide",
"tourism",
"tournament",
"tournaments",
"tours",
"tout",
"townclerk",
"townhall",
"trabajos",
"traceback",
"tracing",
"trade",
"trademark",
"trading",
"traffic",
"trainers",
"training",
"transcribe",
"transcriptionist",
"transfer",
"transferadmission",
"transit",
"translations",
"translator",
"transport",
"transportation",
"trapper",
"trash",
"travel",
"travelagent",
"travelguide",
"travell",
"travels",
"treasurer",
"treatment",
"treetrimmer",
"trending",
"trends",
"trial",
"trials",
"tribe",
"trimmer",
"trinidad",
"trouble",
"truro",
"trust",
"trustees",
"tryck",
"tuki",
"tukipalvelu",
"tuner",
"tunisia",
"turing",
"turism",
"turismo",
"turkey",
"turkish",
"turkmenistan",
"turtle",
"turvallisuus",
"tutorial",
"tutti",
"tuvalu",
"twig",
"twitter",
"txl",
"txt",
"tyhja",
"tyollisyys",
"tyopaikkoja",
"typescript",
"typist",
"ubuntu",
"ufficio",
"uganda",
"ukinfo",
"ukraine",
"ukrainian",
"uksales",
"umpire",
"unavailable",
"undef",
"unfollow",
"united",
"unitedclub",
"unitedkingdom",
"unitedstates",
"university",
"unread",
"unrealscript",
"unsubscribe",
"unsupported",
"unterstutzung",
"upadek",
"update",
"updated",
"updates",
"upgrade",
"upholsterer",
"upload",
"uploaded",
"uploads",
"uptime",
"urban",
"urdu",
"url",
"uruguay",
"usa",
"usage",
"uscsupport",
"used",
"usenet",
"user",
"username",
"users",
"usher",
"usluga",
"uslugi",
"usr",
"usservice",
"usteam",
"usuario",
"usuarios",
"usunac",
"utah",
"utenti",
"util",
"utilisateurs",
"uucp",
"uutiset",
"uzbekistan",
"uzytkownikow",
"vaarinkaytto",
"vacations",
"vagra",
"vagrade",
"vala",
"valkommen",
"vanuatu",
"varaukset",
"vardmastare",
"vastaanotto",
"vastauksia",
"vastausta",
"vatican",
"vault",
"vcl",
"veiligheid",
"vendas",
"vendas1",
"vendas2",
"vendor",
"vendors",
"venezuela",
"ventas",
"ventas1",
"ventas2",
"vente",
"ventes",
"ventos",
"ver",
"verify",
"verilog",
"verkauf",
"verkko",
"verkkovastaava",
"verkoop",
"vermont",
"version",
"verwaltung",
"verweigert",
"verwijderen",
"verzoek",
"veterinarian",
"veterinaryassistant",
"vets",
"vhdl",
"vicepresident",
"video",
"videos",
"vietnam",
"vietnamese",
"view",
"views",
"viml",
"vip",
"virginia",
"visa",
"visite",
"visitor",
"vocational",
"voicemail",
"volleybal",
"vollyball",
"volt",
"volunteer",
"volunteering",
"volunteers",
"vorstand",
"vpn",
"vragen",
"vulnerabilities",
"vulnerability",
"waiter",
"waitress",
"wakefield",
"wallet",
"warehouse",
"warranty",
"washington",
"watch",
"watercooler",
"weather",
"web",
"webadmin",
"webb",
"webbansvarig",
"webdesign",
"webdev",
"webex",
"webform",
"webguy",
"webidl",
"webinar",
"webinars",
"webinfo",
"webkit",
"webkitbugtracker",
"webmail",
"webmaster",
"webmasters",
"website",
"websites",
"websupport",
"webteam",
"weekly",
"weigeren",
"weigher",
"welcome",
"welder",
"welding",
"welkom",
"wellhead",
"wells",
"werkgelegenheid",
"werkstatt",
"westminster",
"westvirginia",
"whistle",
"whois",
"wholesale",
"widget",
"widgets",
"wiki",
"wildlife",
"win",
"winchester",
"windows",
"winkel",
"wisconsin",
"wishlist",
"wisp",
"witaj",
"witamy",
"wolverhampton",
"women",
"woodworker",
"woodworking",
"worcester",
"word",
"wordpress",
"work",
"workcamp",
"worker",
"workplace",
"works",
"workshop",
"workshops",
"workspace",
"worsfold",
"worship",
"wortel",
"wpad",
"writer",
"writers",
"wsparcie",
"wszyscy",
"wszystko",
"wurzel",
"wwinfo",
"wws",
"www",
"www1",
"www2",
"www3",
"www4",
"www5",
"www6",
"www7",
"wwws",
"wwww",
"wyoming",
"xbase",
"xfn",
"xiang",
"xml",
"xmpp",
"xojo",
"xpg",
"xproc",
"xquery",
"xslt",
"xss",
"xtend",
"xxx",
"yahoo",
"yaml",
"yardmaster",
"year",
"yemen",
"yes",
"yksityisyytta",
"yleinen",
"yml",
"york",
"yoruba",
"you",
"yourdomain",
"yourfriends",
"yourname",
"yoursite",
"yourusername",
"youtube",
"zadanie",
"zagreb",
"zakaz",
"zambia",
"zamowienia",
"zapytania",
"zatrudnienie",
"zdechnac",
"zentrale",
"zephir",
"zero",
"zimbabwe",
"zimpl",
"zip",
"zoologist",
"zuhause",
"zwroty",
"foodsafety",
"weddings",
"businessresources",
"electronica",
"cannabiscommission",
"cannabis",
"virtualgateway",
"commander",
"administacao",
"participantes",
"professor",
"leader",
"adviseur",
"responsable",
"projeteur",
"ambassador",
"phlebotomist",
"barista",
"handyman",
"professora",
"senior",
"ambassadrice",
"professeur",
"directrice",
"banque",
"conseiller",
"manufacturing",
"lecturer",
"graduate",
"contract",
"managing",
"financial",
"regulatory",
"national",
"relationship",
"nieur",
"branch",
"mechanical",
"trainee",
"certified",
"distribution",
"representative",
"programme",
"feedbackonline",
"pictures",
"dealer",
"charities",
"brandtechnologie",
"secretarial",
"pressestelle",
"bangalore",
"photography",
"callcenter",
"clubhouse",
"oudercommissie",
"akademia",
"lifeadmin",
"elektro",
"registrationhelp",
"internals",
"agreement",
"eletrovital",
"eletronica",
"centralcomercio",
"comercio",
"superviseur",
"organisateur",
"alisatrice",
"alisateur",
"advanced",
"administratrice",
"administratief",
"adjunct",
"actrice",
"acteur",
"chatarrizacion",
"studentcouncil",
"vermietung",
"labor",
"pressrelations",
"3dprinting",
"printing",
"industrial",
"analyste",
"especialista",
"intelligence",
"offshore",
"sourcing",
"webdesigner"